Branch,Customer_type,Gender,Product_line,Unit_price,Quantity,Total,Date
A,Member,Female,Health and beauty,74.69,7,548.9715,2019-05-01
C,Normal,Female,Electronic accessories,15.28,5,80.22,2019-08-03
A,Normal,Male,Home and lifestyle,46.33,7,340.5255,2019-03-03
A,Member,Male,Health and beauty,58.22,8,489.048,2019-03-04
A,Normal,Male,Sports and travel,86.31,7,634.3785,2019-03-05
C,Normal,Male,Electronic accessories,85.39,7,627.6165,2019-03-06
A,Member,Female,Electronic accessories,68.84,6,433.692,2019-03-07
C,Normal,Female,Home and lifestyle,73.56,10,772.38,2019-03-08
A,Member,Female,Health and beauty,36.26,2,76.146,2019-03-09
B,Member,Female,Food and beverages,54.84,3,172.746,2019-03-10
B,Member,Female,Fashion accessories,14.48,4,60.816,2019-03-11
B,Member,Male,Electronic accessories,25.51,4,107.142,2019-03-12
A,Normal,Female,Electronic accessories,46.95,5,246.4875,2019-03-13
A,Normal,Male,Food and beverages,43.19,10,453.495,2019-03-14
A,Normal,Female,Health and beauty,71.38,10,749.49,2019-03-15
B,Member,Female,Sports and travel,93.72,6,590.436,2019-03-16
A,Member,Female,Health and beauty,68.93,7,506.6355,2019-03-17
A,Normal,Male,Sports and travel,72.61,6,457.443,2019-03-18
A,Normal,Male,Food and beverages,54.67,3,172.2105,2019-03-19
B,Normal,Female,Home and lifestyle,40.3,2,84.63,2019-03-20
C,Member,Male,Electronic accessories,86.04,5,451.71,2019-03-21
B,Normal,Male,Health and beauty,87.98,3,277.137,2019-03-22
B,Normal,Male,Home and lifestyle,33.2,2,69.72,2019-03-23
A,Normal,Male,Electronic accessories,34.56,5,181.44,2019-03-24
A,Member,Male,Sports and travel,88.63,3,279.1845,2019-03-25
A,Member,Female,Home and lifestyle,52.59,8,441.756,2019-03-26
B,Normal,Male,Fashion accessories,33.52,1,35.196,2019-03-27
A,Normal,Female,Fashion accessories,87.67,2,184.107,2019-03-28
B,Normal,Female,Food and beverages,88.36,5,463.89,2019-03-29
A,Normal,Male,Health and beauty,24.89,9,235.2105,2019-03-30
B,Normal,Male,Fashion accessories,94.13,5,494.1825,2019-03-31
B,Member,Male,Sports and travel,78.07,9,737.7615,2019-04-01
B,Normal,Male,Sports and travel,83.78,8,703.752,2019-04-02
A,Normal,Male,Health and beauty,96.58,2,202.818,2019-04-03
C,Member,Female,Food and beverages,99.42,4,417.564,2019-04-04
C,Member,Female,Sports and travel,68.12,1,71.526,2019-04-05
A,Member,Male,Sports and travel,62.62,5,328.755,2019-04-06
A,Normal,Female,Electronic accessories,60.88,9,575.316,2019-04-07
C,Normal,Female,Health and beauty,54.92,8,461.328,2019-04-08
B,Member,Male,Home and lifestyle,30.12,8,253.008,2019-04-09
B,Member,Female,Home and lifestyle,86.72,1,91.056,2019-04-10
C,Member,Male,Home and lifestyle,56.11,2,117.831,2019-04-11
B,Member,Female,Sports and travel,69.12,6,435.456,2019-04-12
C,Member,Female,Food and beverages,98.7,8,829.08,2019-04-13
C,Member,Male,Health and beauty,15.37,2,32.277,2019-04-14
B,Member,Female,Electronic accessories,93.96,4,394.632,2019-04-15
B,Member,Male,Health and beauty,56.69,9,535.7205,2019-04-16
B,Member,Female,Food and beverages,20.01,9,189.0945,2019-04-17
B,Member,Male,Electronic accessories,18.93,6,119.259,2019-04-18
C,Member,Female,Fashion accessories,82.63,10,867.615,2019-04-19
C,Member,Male,Food and beverages,91.4,7,671.79,2019-04-20
A,Member,Female,Food and beverages,44.59,5,234.0975,2019-04-21
B,Member,Female,Fashion accessories,17.87,4,75.054,2019-04-22
C,Member,Male,Fashion accessories,15.43,1,16.2015,2019-04-23
B,Normal,Male,Home and lifestyle,16.16,2,33.936,2019-04-24
C,Normal,Female,Electronic accessories,85.98,8,722.232,2019-04-25
A,Member,Male,Home and lifestyle,44.34,2,93.114,2019-04-26
A,Normal,Male,Health and beauty,89.6,8,752.64,2019-04-27
A,Member,Female,Home and lifestyle,72.35,10,759.675,2019-04-28
C,Normal,Male,Electronic accessories,30.61,6,192.843,2019-04-29
C,Member,Female,Sports and travel,24.74,3,77.931,2019-04-30
C,Normal,Male,Home and lifestyle,55.73,6,351.099,2019-05-01
B,Member,Female,Sports and travel,55.07,9,520.4115,2019-05-02
A,Member,Male,Sports and travel,15.81,10,166.005,2019-05-03
B,Member,Male,Health and beauty,75.74,4,318.108,2019-05-04
A,Member,Male,Health and beauty,15.87,10,166.635,2019-05-05
C,Normal,Female,Health and beauty,33.47,2,70.287,2019-05-06
B,Member,Female,Fashion accessories,97.61,6,614.943,2019-05-07
A,Normal,Male,Sports and travel,78.77,10,827.085,2019-05-08
A,Member,Female,Health and beauty,18.33,1,19.2465,2019-05-09
C,Normal,Male,Food and beverages,89.48,10,939.54,2019-05-10
C,Normal,Male,Fashion accessories,62.12,10,652.26,2019-05-11
B,Member,Female,Food and beverages,48.52,3,152.838,2019-05-12
C,Normal,Female,Electronic accessories,75.91,6,478.233,2019-05-13
A,Normal,Male,Home and lifestyle,74.67,9,705.6315,2019-05-14
C,Normal,Female,Electronic accessories,41.65,10,437.325,2019-05-15
C,Member,Male,Fashion accessories,49.04,9,463.428,2019-05-16
A,Member,Female,Fashion accessories,20.01,9,189.0945,2019-05-17
C,Member,Female,Food and beverages,78.31,10,822.255,2019-05-18
C,Normal,Female,Health and beauty,20.38,5,106.995,2019-05-19
C,Normal,Female,Health and beauty,99.19,6,624.897,2019-05-20
B,Normal,Female,Food and beverages,96.68,3,304.542,2019-05-21
C,Normal,Male,Food and beverages,19.25,8,161.7,2019-05-22
C,Member,Female,Food and beverages,80.36,4,337.512,2019-05-23
C,Member,Male,Sports and travel,48.91,5,256.7775,2019-05-24
C,Normal,Female,Sports and travel,83.06,7,610.491,2019-05-25
C,Normal,Male,Fashion accessories,76.52,5,401.73,2019-05-26
A,Member,Male,Food and beverages,49.38,7,362.943,2019-05-27
A,Normal,Male,Sports and travel,42.47,1,44.5935,2019-05-28
B,Normal,Female,Health and beauty,76.99,6,485.037,2019-05-29
C,Member,Female,Home and lifestyle,47.38,4,198.996,2019-05-30
C,Normal,Female,Sports and travel,44.86,10,471.03,2019-05-31
A,Member,Female,Sports and travel,21.98,7,161.553,2019-06-01
B,Member,Male,Health and beauty,64.36,9,608.202,2019-06-02
C,Normal,Male,Health and beauty,89.75,1,94.2375,2019-06-03
A,Normal,Male,Electronic accessories,97.16,1,102.018,2019-06-04
B,Normal,Male,Health and beauty,87.87,10,922.635,2019-06-05
C,Normal,Female,Electronic accessories,12.45,6,78.435,2019-06-06
A,Normal,Male,Food and beverages,52.75,3,166.1625,2019-06-07
B,Normal,Male,Home and lifestyle,82.7,6,521.01,2019-06-08
C,Member,Male,Fashion accessories,48.71,1,51.1455,2019-06-09
C,Normal,Male,Fashion accessories,78.55,9,742.2975,2019-06-10
C,Normal,Female,Electronic accessories,23.07,9,218.0115,2019-06-11
A,Normal,Male,Food and beverages,58.26,6,367.038,2019-06-12
B,Normal,Male,Health and beauty,30.35,7,223.0725,2019-06-13
A,Member,Male,Electronic accessories,88.67,10,931.035,2019-06-14
C,Normal,Male,Fashion accessories,27.38,6,172.494,2019-06-15
A,Normal,Male,Sports and travel,62.13,6,391.419,2019-06-16
C,Normal,Female,Food and beverages,33.98,9,321.111,2019-06-17
C,Member,Male,Electronic accessories,81.97,10,860.685,2019-06-18
B,Member,Female,Sports and travel,16.49,2,34.629,2019-06-19
C,Member,Female,Health and beauty,98.21,3,309.3615,2019-06-20
B,Normal,Female,Fashion accessories,72.84,7,535.374,2019-06-21
A,Member,Male,Home and lifestyle,58.07,9,548.7615,2019-06-22
C,Member,Female,Home and lifestyle,80.79,9,763.4655,2019-06-23
C,Normal,Female,Fashion accessories,27.02,3,85.113,2019-06-24
B,Member,Male,Fashion accessories,21.94,5,115.185,2019-06-25
B,Member,Male,Fashion accessories,51.36,1,53.928,2019-06-26
A,Normal,Female,Food and beverages,10.96,10,115.08,2019-06-27
B,Normal,Male,Home and lifestyle,53.44,2,112.224,2019-06-28
A,Normal,Female,Electronic accessories,99.56,8,836.304,2019-06-29
C,Member,Male,Sports and travel,57.12,7,419.832,2019-06-30
B,Member,Male,Sports and travel,99.96,9,944.622,2019-07-01
C,Member,Male,Home and lifestyle,63.91,8,536.844,2019-07-02
B,Member,Female,Fashion accessories,56.47,8,474.348,2019-07-03
A,Normal,Female,Home and lifestyle,93.69,7,688.6215,2019-07-04
A,Normal,Female,Sports and travel,32.25,5,169.3125,2019-07-05
C,Normal,Female,Fashion accessories,31.73,9,299.8485,2019-07-06
C,Member,Female,Food and beverages,68.54,8,575.736,2019-07-07
B,Normal,Female,Sports and travel,90.28,9,853.146,2019-07-08
B,Normal,Female,Fashion accessories,39.62,7,291.207,2019-07-09
A,Member,Female,Sports and travel,92.13,6,580.419,2019-07-10
B,Normal,Female,Sports and travel,34.84,4,146.328,2019-07-11
B,Member,Male,Electronic accessories,87.45,6,550.935,2019-07-12
C,Normal,Female,Health and beauty,81.3,6,512.19,2019-07-13
C,Normal,Male,Fashion accessories,90.22,3,284.193,2019-07-14
A,Normal,Female,Electronic accessories,26.31,5,138.1275,2019-07-15
A,Member,Female,Home and lifestyle,34.42,6,216.846,2019-07-16
B,Normal,Male,Sports and travel,51.91,10,545.055,2019-07-17
A,Normal,Male,Sports and travel,72.5,8,609,2019-07-18
C,Member,Female,Sports and travel,89.8,10,942.9,2019-07-19
C,Member,Male,Health and beauty,90.5,10,950.25,2019-07-20
C,Member,Female,Health and beauty,68.6,10,720.3,2019-07-21
C,Member,Female,Food and beverages,30.41,1,31.9305,2019-07-22
A,Normal,Female,Home and lifestyle,77.95,6,491.085,2019-07-23
C,Normal,Female,Health and beauty,46.26,6,291.438,2019-07-24
A,Member,Female,Fashion accessories,30.14,10,316.47,2019-07-25
C,Normal,Male,Health and beauty,66.14,4,277.788,2019-07-26
B,Member,Male,Home and lifestyle,71.86,8,603.624,2019-07-27
A,Normal,Male,Health and beauty,32.46,8,272.664,2019-07-28
B,Member,Female,Fashion accessories,91.54,4,384.468,2019-07-29
C,Member,Male,Sports and travel,34.56,7,254.016,2019-07-30
A,Normal,Male,Fashion accessories,83.24,9,786.618,2019-07-31
C,Normal,Female,Food and beverages,16.48,6,103.824,2019-08-01
C,Normal,Female,Sports and travel,80.97,8,680.148,2019-08-02
A,Member,Male,Food and beverages,92.29,5,484.5225,2019-08-03
B,Member,Male,Electronic accessories,72.17,1,75.7785,2019-08-04
B,Normal,Male,Home and lifestyle,50.28,5,263.97,2019-08-05
B,Member,Male,Health and beauty,97.22,9,918.729,2019-08-06
B,Normal,Male,Sports and travel,93.39,6,588.357,2019-08-07
C,Normal,Female,Food and beverages,43.18,8,362.712,2019-08-08
A,Normal,Male,Sports and travel,63.69,1,66.8745,2019-08-09
A,Normal,Male,Food and beverages,45.79,7,336.5565,2019-08-10
C,Normal,Male,Sports and travel,76.4,2,160.44,2019-08-11
B,Normal,Male,Food and beverages,39.9,10,418.95,2019-08-12
B,Member,Male,Health and beauty,42.57,8,357.588,2019-08-13
C,Normal,Male,Home and lifestyle,95.58,10,1003.59,2019-08-14
A,Normal,Male,Fashion accessories,98.98,10,1039.29,2019-08-15
A,Normal,Male,Food and beverages,51.28,6,323.064,2019-08-16
A,Member,Male,Sports and travel,69.52,7,510.972,2019-08-17
A,Normal,Male,Health and beauty,70.01,5,367.5525,2019-08-18
B,Member,Male,Food and beverages,80.05,5,420.2625,2019-08-19
C,Normal,Male,Electronic accessories,20.85,8,175.14,2019-08-20
B,Member,Male,Electronic accessories,52.89,6,333.207,2019-08-21
B,Normal,Male,Food and beverages,19.79,8,166.236,2019-08-22
A,Member,Male,Home and lifestyle,33.84,9,319.788,2019-08-23
A,Member,Male,Food and beverages,22.17,8,186.228,2019-08-24
C,Normal,Female,Fashion accessories,22.51,7,165.4485,2019-08-25
A,Normal,Male,Food and beverages,73.88,6,465.444,2019-08-26
C,Member,Male,Health and beauty,86.8,3,273.42,2019-08-27
C,Normal,Male,Fashion accessories,64.26,7,472.311,2019-08-28
C,Member,Male,Food and beverages,38.47,8,323.148,2019-08-29
A,Member,Male,Sports and travel,15.5,10,162.75,2019-08-30
C,Normal,Male,Health and beauty,34.31,8,288.204,2019-08-31
A,Normal,Female,Sports and travel,12.34,7,90.699,2019-09-01
B,Member,Male,Food and beverages,18.08,3,56.952,2019-09-02
B,Member,Female,Home and lifestyle,94.49,8,793.716,2019-09-03
B,Member,Male,Home and lifestyle,46.47,4,195.174,2019-09-04
A,Normal,Male,Home and lifestyle,74.07,1,77.7735,2019-09-05
C,Normal,Female,Home and lifestyle,69.81,4,293.202,2019-09-06
B,Normal,Female,Home and lifestyle,77.04,3,242.676,2019-09-07
B,Normal,Female,Fashion accessories,73.52,2,154.392,2019-09-08
C,Normal,Female,Food and beverages,87.8,9,829.71,2019-09-09
B,Normal,Male,Home and lifestyle,25.55,4,107.31,2019-09-10
A,Normal,Male,Electronic accessories,32.71,5,171.7275,2019-09-11
C,Member,Female,Fashion accessories,74.29,1,78.0045,2019-09-12
C,Member,Male,Health and beauty,43.7,2,91.77,2019-09-13
A,Normal,Female,Home and lifestyle,25.29,1,26.5545,2019-09-14
C,Normal,Male,Health and beauty,41.5,4,174.3,2019-09-15
C,Member,Female,Food and beverages,71.39,5,374.7975,2019-09-16
C,Member,Female,Sports and travel,19.15,6,120.645,2019-09-17
B,Member,Female,Electronic accessories,57.49,4,241.458,2019-09-18
C,Normal,Male,Electronic accessories,61.41,7,451.3635,2019-09-19
B,Member,Male,Health and beauty,25.9,10,271.95,2019-09-20
B,Member,Male,Home and lifestyle,17.77,5,93.2925,2019-09-21
A,Normal,Female,Health and beauty,23.03,9,217.6335,2019-09-22
C,Member,Female,Electronic accessories,66.65,9,629.8425,2019-09-23
C,Member,Female,Home and lifestyle,28.53,10,299.565,2019-09-24
B,Normal,Female,Fashion accessories,30.37,3,95.6655,2019-09-25
B,Normal,Female,Electronic accessories,99.73,9,942.4485,2019-09-26
A,Normal,Male,Electronic accessories,26.23,9,247.8735,2019-09-27
C,Normal,Female,Food and beverages,93.26,9,881.307,2019-09-28
B,Normal,Male,Home and lifestyle,92.36,5,484.89,2019-09-29
B,Normal,Male,Sports and travel,46.42,3,146.223,2019-09-30
B,Member,Female,Sports and travel,29.61,7,217.6335,2019-10-01
A,Normal,Male,Home and lifestyle,18.28,1,19.194,2019-10-02
B,Normal,Female,Sports and travel,24.77,5,130.0425,2019-10-03
A,Member,Female,Electronic accessories,94.64,3,298.116,2019-10-04
B,Normal,Male,Fashion accessories,94.87,8,796.908,2019-10-05
B,Normal,Female,Food and beverages,57.34,3,180.621,2019-10-06
B,Normal,Male,Electronic accessories,45.35,6,285.705,2019-10-07
B,Normal,Male,Food and beverages,62.08,7,456.288,2019-10-08
C,Normal,Male,Electronic accessories,11.81,5,62.0025,2019-10-09
C,Member,Female,Fashion accessories,12.54,1,13.167,2019-10-10
A,Normal,Male,Food and beverages,43.25,2,90.825,2019-10-11
C,Member,Female,Sports and travel,87.16,2,183.036,2019-10-12
B,Member,Male,Health and beauty,69.37,9,655.5465,2019-10-13
C,Member,Male,Electronic accessories,37.06,4,155.652,2019-10-14
B,Member,Female,Electronic accessories,90.7,6,571.41,2019-10-15
A,Normal,Female,Home and lifestyle,63.42,8,532.728,2019-10-16
B,Normal,Female,Fashion accessories,81.37,2,170.877,2019-10-17
B,Member,Female,Electronic accessories,10.59,3,33.3585,2019-10-18
B,Normal,Female,Health and beauty,84.09,9,794.6505,2019-10-19
B,Member,Male,Fashion accessories,73.82,4,310.044,2019-10-20
A,Member,Male,Health and beauty,51.94,10,545.37,2019-10-21
A,Normal,Female,Sports and travel,93.14,2,195.594,2019-10-22
C,Normal,Male,Health and beauty,17.41,5,91.4025,2019-10-23
C,Member,Female,Fashion accessories,44.22,5,232.155,2019-10-24
B,Member,Female,Electronic accessories,13.22,5,69.405,2019-10-25
A,Normal,Male,Fashion accessories,89.69,1,94.1745,2019-10-26
A,Normal,Male,Food and beverages,24.94,9,235.683,2019-10-27
A,Normal,Male,Health and beauty,59.77,2,125.517,2019-10-28
C,Member,Male,Fashion accessories,93.2,2,195.72,2019-10-29
A,Member,Male,Home and lifestyle,62.65,4,263.13,2019-10-30
B,Normal,Male,Home and lifestyle,93.87,8,788.508,2019-10-31
A,Member,Male,Home and lifestyle,47.59,8,399.756,2019-11-01
B,Member,Female,Electronic accessories,81.4,3,256.41,2019-11-02
A,Member,Male,Fashion accessories,17.94,5,94.185,2019-11-03
A,Member,Male,Electronic accessories,77.72,4,326.424,2019-11-04
B,Normal,Male,Food and beverages,73.06,7,536.991,2019-11-05
B,Member,Male,Food and beverages,46.55,9,439.8975,2019-11-06
C,Member,Male,Fashion accessories,35.19,10,369.495,2019-11-07
C,Normal,Female,Sports and travel,14.39,2,30.219,2019-11-08
A,Normal,Male,Home and lifestyle,23.75,4,99.75,2019-11-09
A,Member,Male,Home and lifestyle,58.9,8,494.76,2019-11-10
B,Member,Male,Fashion accessories,32.62,4,137.004,2019-11-11
A,Member,Male,Electronic accessories,66.35,1,69.6675,2019-11-12
A,Member,Male,Home and lifestyle,25.91,6,163.233,2019-11-13
A,Member,Male,Electronic accessories,32.25,4,135.45,2019-11-14
C,Member,Male,Electronic accessories,65.94,4,276.948,2019-11-15
A,Normal,Female,Electronic accessories,75.06,9,709.317,2019-11-16
C,Normal,Female,Fashion accessories,16.45,4,69.09,2019-11-17
B,Member,Female,Fashion accessories,38.3,4,160.86,2019-11-18
A,Member,Female,Sports and travel,22.24,10,233.52,2019-11-19
B,Normal,Male,Sports and travel,54.45,1,57.1725,2019-11-20
A,Member,Female,Sports and travel,98.4,7,723.24,2019-11-21
C,Normal,Male,Home and lifestyle,35.47,4,148.974,2019-11-22
B,Member,Female,Food and beverages,74.6,10,783.3,2019-11-23
A,Member,Male,Home and lifestyle,70.74,4,297.108,2019-11-24
A,Member,Female,Home and lifestyle,35.54,10,373.17,2019-11-25
B,Normal,Female,Sports and travel,67.43,5,354.0075,2019-11-26
C,Member,Female,Health and beauty,21.12,2,44.352,2019-11-27
A,Member,Female,Home and lifestyle,21.54,9,203.553,2019-11-28
A,Normal,Female,Home and lifestyle,12.03,2,25.263,2019-11-29
B,Normal,Female,Health and beauty,99.71,6,628.173,2019-11-30
B,Normal,Male,Fashion accessories,47.97,7,352.5795,2019-12-01
C,Member,Female,Home and lifestyle,21.82,10,229.11,2019-12-02
C,Normal,Female,Fashion accessories,95.42,4,400.764,2019-12-03
C,Member,Male,Fashion accessories,70.99,10,745.395,2019-12-04
A,Member,Male,Sports and travel,44.02,10,462.21,2019-12-05
A,Normal,Female,Home and lifestyle,69.96,8,587.664,2019-12-06
C,Normal,Male,Home and lifestyle,37,1,38.85,2019-12-07
A,Normal,Female,Sports and travel,15.34,1,16.107,2019-12-08
A,Member,Male,Health and beauty,99.83,6,628.929,2019-12-09
A,Member,Female,Health and beauty,47.67,4,200.214,2019-12-10
B,Normal,Male,Health and beauty,66.68,5,350.07,2019-12-11
C,Member,Male,Home and lifestyle,74.86,1,78.603,2019-12-12
C,Normal,Female,Sports and travel,23.75,9,224.4375,2019-12-13
B,Normal,Female,Food and beverages,48.51,7,356.5485,2019-12-14
A,Member,Female,Home and lifestyle,94.88,7,697.368,2019-12-15
B,Member,Male,Electronic accessories,40.3,10,423.15,2019-12-16
C,Normal,Male,Electronic accessories,27.85,7,204.6975,2019-12-17
A,Member,Female,Electronic accessories,62.48,1,65.604,2019-12-18
A,Member,Female,Food and beverages,36.36,2,76.356,2019-12-19
B,Normal,Male,Health and beauty,18.11,10,190.155,2019-12-20
C,Member,Female,Electronic accessories,51.92,5,272.58,2019-12-21
C,Normal,Male,Electronic accessories,28.84,4,121.128,2019-12-22
A,Member,Male,Home and lifestyle,78.38,6,493.794,2019-12-23
A,Member,Male,Home and lifestyle,60.01,4,252.042,2019-12-24
C,Member,Female,Home and lifestyle,88.61,1,93.0405,2019-12-25
C,Normal,Male,Fashion accessories,99.82,2,209.622,2019-12-26
B,Member,Male,Health and beauty,39.01,1,40.9605,2019-12-27
C,Normal,Male,Food and beverages,48.61,1,51.0405,2019-12-28
A,Normal,Female,Electronic accessories,51.19,4,214.998,2019-12-29
B,Normal,Female,Electronic accessories,14.96,8,125.664,2019-12-30
A,Member,Male,Electronic accessories,72.2,7,530.67,2019-12-31
A,Normal,Female,Sports and travel,40.23,7,295.6905,2020-01-01
A,Member,Female,Home and lifestyle,88.79,8,745.836,2020-01-02
A,Member,Female,Electronic accessories,26.48,3,83.412,2020-01-03
A,Normal,Female,Fashion accessories,81.91,2,172.011,2020-01-04
B,Member,Male,Sports and travel,79.93,6,503.559,2020-01-05
C,Member,Male,Fashion accessories,69.33,2,145.593,2020-01-06
A,Member,Female,Food and beverages,14.23,5,74.7075,2020-01-07
A,Member,Female,Health and beauty,15.55,9,146.9475,2020-01-08
C,Member,Female,Electronic accessories,78.13,10,820.365,2020-01-09
C,Member,Male,Food and beverages,99.37,2,208.677,2020-01-10
C,Member,Female,Food and beverages,21.08,3,66.402,2020-01-11
C,Member,Male,Electronic accessories,74.79,5,392.6475,2020-01-12
C,Member,Female,Health and beauty,29.67,7,218.0745,2020-01-13
C,Member,Male,Health and beauty,44.07,4,185.094,2020-01-14
C,Normal,Female,Food and beverages,22.93,9,216.6885,2020-01-15
C,Normal,Female,Health and beauty,39.42,1,41.391,2020-01-16
A,Normal,Male,Health and beauty,15.26,6,96.138,2020-01-17
A,Normal,Female,Fashion accessories,61.77,5,324.2925,2020-01-18
A,Normal,Male,Home and lifestyle,21.52,6,135.576,2020-01-19
B,Normal,Male,Sports and travel,97.74,4,410.508,2020-01-20
A,Member,Male,Food and beverages,99.78,5,523.845,2020-01-21
C,Member,Male,Food and beverages,94.26,4,395.892,2020-01-22
B,Member,Male,Health and beauty,51.13,4,214.746,2020-01-23
A,Member,Male,Electronic accessories,36.36,4,152.712,2020-01-24
B,Normal,Male,Home and lifestyle,22.02,9,208.089,2020-01-25
A,Normal,Male,Food and beverages,32.9,3,103.635,2020-01-26
A,Normal,Male,Fashion accessories,77.02,5,404.355,2020-01-27
A,Member,Male,Food and beverages,23.48,2,49.308,2020-01-28
C,Member,Male,Sports and travel,14.7,5,77.175,2020-01-29
A,Member,Female,Electronic accessories,28.45,5,149.3625,2020-01-30
A,Normal,Male,Fashion accessories,76.4,9,721.98,2020-01-31
B,Normal,Female,Sports and travel,57.95,6,365.085,2020-02-01
C,Normal,Female,Electronic accessories,47.65,3,150.0975,2020-02-02
B,Member,Female,Food and beverages,42.82,9,404.649,2020-02-03
B,Member,Male,Electronic accessories,48.09,3,151.4835,2020-02-04
B,Member,Female,Health and beauty,55.97,7,411.3795,2020-02-05
B,Member,Female,Health and beauty,76.9,7,565.215,2020-02-06
C,Normal,Female,Food and beverages,97.03,5,509.4075,2020-02-07
A,Normal,Male,Sports and travel,44.65,3,140.6475,2020-02-08
A,Normal,Female,Fashion accessories,77.93,9,736.4385,2020-02-09
A,Member,Male,Electronic accessories,71.95,1,75.5475,2020-02-10
C,Member,Female,Home and lifestyle,89.25,8,749.7,2020-02-11
A,Normal,Male,Electronic accessories,26.02,7,191.247,2020-02-12
B,Normal,Female,Health and beauty,13.5,10,141.75,2020-02-13
C,Member,Female,Fashion accessories,99.3,10,1042.65,2020-02-14
A,Normal,Male,Electronic accessories,51.69,7,379.9215,2020-02-15
B,Member,Female,Fashion accessories,54.73,7,402.2655,2020-02-16
B,Member,Male,Home and lifestyle,27,9,255.15,2020-02-17
C,Normal,Female,Electronic accessories,30.24,1,31.752,2020-02-18
B,Member,Female,Food and beverages,89.14,4,374.388,2020-02-19
C,Normal,Female,Fashion accessories,37.55,10,394.275,2020-02-20
C,Normal,Female,Sports and travel,95.44,10,1002.12,2020-02-21
B,Normal,Male,Electronic accessories,27.5,3,86.625,2020-02-22
B,Normal,Male,Sports and travel,74.97,1,78.7185,2020-02-23
A,Member,Male,Food and beverages,80.96,8,680.064,2020-02-24
C,Normal,Female,Food and beverages,94.47,8,793.548,2020-02-25
C,Normal,Male,Food and beverages,99.79,2,209.559,2020-02-26
A,Normal,Male,Home and lifestyle,73.22,6,461.286,2020-02-27
C,Normal,Female,Food and beverages,41.24,4,173.208,2020-02-28
C,Normal,Female,Fashion accessories,81.68,4,343.056,2020-02-29
C,Normal,Female,Electronic accessories,51.32,9,484.974,2020-03-01
A,Member,Male,Home and lifestyle,65.94,4,276.948,2020-03-02
C,Normal,Female,Sports and travel,14.36,10,150.78,2020-03-03
A,Member,Male,Electronic accessories,21.5,9,203.175,2020-03-04
B,Member,Female,Electronic accessories,26.26,7,193.011,2020-03-05
B,Normal,Female,Fashion accessories,60.96,2,128.016,2020-03-06
C,Normal,Female,Home and lifestyle,70.11,6,441.693,2020-03-07
C,Normal,Male,Fashion accessories,42.08,6,265.104,2020-03-08
A,Normal,Female,Home and lifestyle,67.09,5,352.2225,2020-03-09
A,Member,Female,Fashion accessories,96.7,5,507.675,2020-03-10
B,Member,Female,Home and lifestyle,35.38,9,334.341,2020-03-11
C,Normal,Male,Sports and travel,95.49,7,701.8515,2020-03-12
C,Member,Male,Fashion accessories,96.98,4,407.316,2020-03-13
B,Normal,Female,Electronic accessories,23.65,4,99.33,2020-03-14
A,Member,Male,Sports and travel,82.33,4,345.786,2020-03-15
C,Normal,Female,Electronic accessories,26.61,2,55.881,2020-03-16
B,Normal,Female,Food and beverages,99.69,5,523.3725,2020-03-17
C,Member,Female,Food and beverages,74.89,4,314.538,2020-03-18
A,Normal,Female,Food and beverages,40.94,5,214.935,2020-03-19
B,Member,Male,Sports and travel,75.82,1,79.611,2020-03-20
C,Normal,Male,Food and beverages,46.77,6,294.651,2020-03-21
A,Normal,Female,Health and beauty,32.32,10,339.36,2020-03-22
C,Member,Female,Fashion accessories,54.07,9,510.9615,2020-03-23
B,Normal,Male,Food and beverages,18.22,7,133.917,2020-03-24
C,Member,Female,Fashion accessories,80.48,3,253.512,2020-03-25
B,Normal,Female,Fashion accessories,37.95,10,398.475,2020-03-26
A,Member,Male,Electronic accessories,76.82,1,80.661,2020-03-27
A,Member,Female,Sports and travel,52.26,10,548.73,2020-03-28
A,Normal,Female,Health and beauty,79.74,1,83.727,2020-03-29
A,Normal,Female,Health and beauty,77.5,5,406.875,2020-03-30
A,Normal,Female,Food and beverages,54.27,5,284.9175,2020-03-31
B,Normal,Male,Home and lifestyle,13.59,9,128.4255,2020-04-01
B,Member,Female,Health and beauty,41.06,6,258.678,2020-04-02
B,Member,Male,Electronic accessories,19.24,9,181.818,2020-04-03
C,Normal,Female,Food and beverages,39.43,6,248.409,2020-04-04
C,Normal,Male,Home and lifestyle,46.22,4,194.124,2020-04-05
C,Member,Male,Home and lifestyle,13.98,1,14.679,2020-04-06
B,Normal,Female,Fashion accessories,39.75,5,208.6875,2020-04-07
C,Member,Female,Fashion accessories,97.79,7,718.7565,2020-04-08
A,Member,Male,Sports and travel,67.26,4,282.492,2020-04-09
A,Normal,Male,Food and beverages,13.79,5,72.3975,2020-04-10
B,Member,Female,Fashion accessories,68.71,4,288.582,2020-04-11
A,Normal,Female,Home and lifestyle,56.53,4,237.426,2020-04-12
C,Normal,Female,Fashion accessories,23.82,5,125.055,2020-04-13
B,Normal,Female,Health and beauty,34.21,10,359.205,2020-04-14
B,Normal,Male,Sports and travel,21.87,2,45.927,2020-04-15
A,Member,Male,Health and beauty,20.97,5,110.0925,2020-04-16
A,Normal,Male,Sports and travel,25.84,3,81.396,2020-04-17
A,Normal,Male,Home and lifestyle,50.93,8,427.812,2020-04-18
B,Normal,Male,Health and beauty,96.11,1,100.9155,2020-04-19
C,Normal,Female,Home and lifestyle,45.38,4,190.596,2020-04-20
C,Member,Female,Health and beauty,81.51,1,85.5855,2020-04-21
B,Normal,Female,Health and beauty,57.22,2,120.162,2020-04-22
A,Member,Female,Electronic accessories,25.22,7,185.367,2020-04-23
C,Member,Female,Food and beverages,38.6,3,121.59,2020-04-24
C,Normal,Female,Electronic accessories,84.05,3,264.7575,2020-04-25
C,Member,Female,Fashion accessories,97.21,10,1020.705,2020-04-26
B,Member,Male,Fashion accessories,25.42,8,213.528,2020-04-27
C,Normal,Male,Fashion accessories,16.28,1,17.094,2020-04-28
B,Member,Male,Fashion accessories,40.61,9,383.7645,2020-04-29
A,Member,Male,Health and beauty,53.17,7,390.7995,2020-04-30
B,Member,Female,Food and beverages,20.87,3,65.7405,2020-05-01
B,Normal,Male,Sports and travel,67.27,5,353.1675,2020-05-02
A,Member,Female,Home and lifestyle,90.65,10,951.825,2020-05-03
B,Normal,Male,Fashion accessories,69.08,2,145.068,2020-05-04
C,Normal,Male,Food and beverages,43.27,2,90.867,2020-05-05
A,Normal,Female,Electronic accessories,23.46,6,147.798,2020-05-06
B,Normal,Male,Fashion accessories,95.54,7,702.219,2020-05-07
B,Normal,Female,Fashion accessories,47.44,1,49.812,2020-05-08
C,Normal,Male,Sports and travel,99.24,9,937.818,2020-05-09
C,Member,Male,Sports and travel,82.93,4,348.306,2020-05-10
A,Normal,Male,Home and lifestyle,33.99,6,214.137,2020-05-11
C,Member,Male,Food and beverages,17.04,4,71.568,2020-05-12
C,Normal,Female,Electronic accessories,40.86,8,343.224,2020-05-13
C,Member,Male,Food and beverages,17.44,5,91.56,2020-05-14
B,Member,Female,Sports and travel,88.43,8,742.812,2020-05-15
A,Member,Female,Home and lifestyle,89.21,9,843.0345,2020-05-16
C,Normal,Male,Fashion accessories,12.78,1,13.419,2020-05-17
A,Normal,Female,Sports and travel,19.1,7,140.385,2020-05-18
B,Member,Female,Health and beauty,19.15,1,20.1075,2020-05-19
C,Member,Male,Food and beverages,27.66,10,290.43,2020-05-20
C,Normal,Male,Fashion accessories,45.74,3,144.081,2020-05-21
B,Member,Female,Health and beauty,27.07,1,28.4235,2020-05-22
B,Member,Female,Sports and travel,39.12,1,41.076,2020-05-23
B,Normal,Female,Electronic accessories,74.71,6,470.673,2020-05-24
B,Normal,Male,Electronic accessories,22.01,6,138.663,2020-05-25
A,Normal,Female,Food and beverages,63.61,5,333.9525,2020-05-26
A,Normal,Male,Health and beauty,25,1,26.25,2020-05-27
A,Member,Male,Electronic accessories,20.77,4,87.234,2020-05-28
B,Member,Female,Fashion accessories,29.56,5,155.19,2020-05-29
B,Member,Female,Food and beverages,77.4,9,731.43,2020-05-30
B,Normal,Male,Electronic accessories,79.39,10,833.595,2020-05-31
C,Member,Female,Electronic accessories,46.57,10,488.985,2020-06-01
C,Normal,Male,Food and beverages,35.89,1,37.6845,2020-06-02
C,Normal,Male,Food and beverages,40.52,5,212.73,2020-06-03
B,Member,Female,Food and beverages,73.05,10,767.025,2020-06-04
C,Normal,Female,Sports and travel,73.95,4,310.59,2020-06-05
C,Member,Female,Food and beverages,22.62,1,23.751,2020-06-06
A,Member,Male,Food and beverages,51.34,5,269.535,2020-06-07
C,Member,Female,Sports and travel,54.55,10,572.775,2020-06-08
C,Member,Female,Health and beauty,37.15,7,273.0525,2020-06-09
B,Normal,Male,Sports and travel,37.02,6,233.226,2020-06-10
C,Normal,Male,Food and beverages,21.58,1,22.659,2020-06-11
C,Member,Female,Electronic accessories,98.84,1,103.782,2020-06-12
C,Member,Female,Home and lifestyle,83.77,6,527.751,2020-06-13
A,Member,Female,Sports and travel,40.05,4,168.21,2020-06-14
A,Member,Male,Fashion accessories,43.13,10,452.865,2020-06-15
B,Member,Male,Health and beauty,72.57,8,609.588,2020-06-16
A,Member,Female,Electronic accessories,64.44,5,338.31,2020-06-17
A,Normal,Male,Health and beauty,65.18,3,205.317,2020-06-18
A,Normal,Female,Sports and travel,33.26,5,174.615,2020-06-19
C,Normal,Male,Electronic accessories,84.07,4,353.094,2020-06-20
B,Normal,Male,Sports and travel,34.37,10,360.885,2020-06-21
A,Normal,Male,Electronic accessories,38.6,1,40.53,2020-06-22
C,Normal,Male,Food and beverages,65.97,8,554.148,2020-06-23
C,Normal,Female,Electronic accessories,32.8,10,344.4,2020-06-24
A,Normal,Male,Sports and travel,37.14,5,194.985,2020-06-25
B,Member,Male,Home and lifestyle,60.38,10,633.99,2020-06-26
C,Member,Female,Sports and travel,36.98,10,388.29,2020-06-27
B,Member,Female,Sports and travel,49.49,4,207.858,2020-06-28
B,Normal,Female,Fashion accessories,41.09,10,431.445,2020-06-29
A,Normal,Male,Fashion accessories,37.15,4,156.03,2020-06-30
C,Normal,Male,Home and lifestyle,22.96,1,24.108,2020-07-01
B,Member,Female,Home and lifestyle,77.68,9,734.076,2020-07-02
B,Normal,Female,Fashion accessories,34.7,2,72.87,2020-07-03
A,Member,Female,Fashion accessories,19.66,10,206.43,2020-07-04
B,Member,Female,Health and beauty,25.32,8,212.688,2020-07-05
C,Member,Female,Home and lifestyle,12.12,10,127.26,2020-07-06
B,Normal,Male,Fashion accessories,99.89,2,209.769,2020-07-07
B,Normal,Male,Sports and travel,75.92,8,637.728,2020-07-08
C,Normal,Female,Electronic accessories,63.22,2,132.762,2020-07-09
C,Normal,Female,Food and beverages,90.24,6,568.512,2020-07-10
B,Member,Female,Sports and travel,98.13,1,103.0365,2020-07-11
A,Member,Female,Sports and travel,51.52,8,432.768,2020-07-12
B,Member,Male,Sports and travel,73.97,1,77.6685,2020-07-13
C,Member,Female,Fashion accessories,31.9,1,33.495,2020-07-14
C,Normal,Male,Home and lifestyle,69.4,2,145.74,2020-07-15
B,Normal,Female,Sports and travel,93.31,2,195.951,2020-07-16
B,Normal,Male,Sports and travel,88.45,1,92.8725,2020-07-17
A,Member,Male,Electronic accessories,24.18,8,203.112,2020-07-18
B,Member,Female,Sports and travel,48.5,3,152.775,2020-07-19
B,Normal,Female,Food and beverages,84.05,6,529.515,2020-07-20
B,Member,Male,Health and beauty,61.29,5,321.7725,2020-07-21
C,Member,Female,Home and lifestyle,15.95,6,100.485,2020-07-22
B,Member,Female,Sports and travel,90.74,7,666.939,2020-07-23
A,Normal,Female,Home and lifestyle,42.91,5,225.2775,2020-07-24
A,Normal,Female,Fashion accessories,54.28,7,398.958,2020-07-25
A,Normal,Male,Electronic accessories,99.55,7,731.6925,2020-07-26
C,Member,Male,Sports and travel,58.39,7,429.1665,2020-07-27
C,Member,Female,Fashion accessories,51.47,1,54.0435,2020-07-28
B,Member,Male,Health and beauty,54.86,5,288.015,2020-07-29
C,Member,Male,Home and lifestyle,39.39,5,206.7975,2020-07-30
A,Normal,Male,Home and lifestyle,34.73,2,72.933,2020-07-31
C,Member,Male,Sports and travel,71.92,5,377.58,2020-08-01
B,Normal,Female,Electronic accessories,45.71,3,143.9865,2020-08-02
C,Member,Female,Home and lifestyle,83.17,6,523.971,2020-08-03
A,Member,Female,Home and lifestyle,37.44,6,235.872,2020-08-04
C,Normal,Male,Health and beauty,62.87,2,132.027,2020-08-05
A,Normal,Male,Food and beverages,81.71,6,514.773,2020-08-06
A,Member,Female,Sports and travel,91.41,5,479.9025,2020-08-07
B,Normal,Male,Fashion accessories,39.21,4,164.682,2020-08-08
B,Member,Male,Fashion accessories,59.86,2,125.706,2020-08-09
B,Member,Female,Food and beverages,54.36,10,570.78,2020-08-10
A,Normal,Male,Sports and travel,98.09,9,926.9505,2020-08-11
A,Normal,Male,Health and beauty,25.43,6,160.209,2020-08-12
A,Member,Male,Fashion accessories,86.68,8,728.112,2020-08-13
B,Normal,Male,Electronic accessories,22.95,10,240.975,2020-08-14
C,Normal,Female,Food and beverages,16.31,9,154.1295,2020-08-15
A,Normal,Female,Home and lifestyle,28.32,5,148.68,2020-08-16
C,Normal,Male,Home and lifestyle,16.67,7,122.5245,2020-08-17
B,Member,Female,Fashion accessories,73.96,1,77.658,2020-08-18
A,Normal,Male,Home and lifestyle,97.94,1,102.837,2020-08-19
A,Normal,Female,Fashion accessories,73.05,4,306.81,2020-08-20
C,Member,Female,Food and beverages,87.48,6,551.124,2020-08-21
A,Normal,Male,Home and lifestyle,30.68,3,96.642,2020-08-22
C,Member,Male,Health and beauty,75.88,1,79.674,2020-08-23
B,Member,Female,Sports and travel,20.18,4,84.756,2020-08-24
C,Member,Male,Electronic accessories,18.77,6,118.251,2020-08-25
B,Normal,Female,Food and beverages,71.2,1,74.76,2020-08-26
B,Member,Male,Home and lifestyle,38.81,4,163.002,2020-08-27
A,Normal,Female,Fashion accessories,29.42,10,308.91,2020-08-28
A,Normal,Male,Sports and travel,60.95,9,575.9775,2020-08-29
B,Normal,Female,Sports and travel,51.54,5,270.585,2020-08-30
A,Normal,Female,Electronic accessories,66.06,6,416.178,2020-08-31
B,Normal,Male,Fashion accessories,57.27,3,180.4005,2020-09-01
B,Normal,Female,Fashion accessories,54.31,9,513.2295,2020-09-02
B,Normal,Female,Health and beauty,58.24,9,550.368,2020-09-03
C,Normal,Male,Electronic accessories,22.21,6,139.923,2020-09-04
A,Member,Male,Electronic accessories,19.32,7,142.002,2020-09-05
B,Normal,Male,Home and lifestyle,37.48,3,118.062,2020-09-06
B,Member,Female,Fashion accessories,72.04,2,151.284,2020-09-07
C,Member,Female,Food and beverages,98.52,10,1034.46,2020-09-08
A,Member,Male,Food and beverages,41.66,6,262.458,2020-09-09
A,Member,Female,Home and lifestyle,72.42,3,228.123,2020-09-10
B,Normal,Male,Electronic accessories,21.58,9,203.931,2020-09-11
C,Normal,Male,Food and beverages,89.2,10,936.6,2020-09-12
B,Normal,Female,Electronic accessories,42.42,8,356.328,2020-09-13
A,Member,Male,Electronic accessories,74.51,6,469.413,2020-09-14
B,Normal,Male,Fashion accessories,99.25,2,208.425,2020-09-15
A,Normal,Female,Food and beverages,81.21,10,852.705,2020-09-16
C,Normal,Female,Sports and travel,49.33,10,517.965,2020-09-17
A,Normal,Female,Fashion accessories,65.74,9,621.243,2020-09-18
B,Normal,Female,Fashion accessories,79.86,7,586.971,2020-09-19
C,Normal,Female,Sports and travel,73.98,7,543.753,2020-09-20
B,Member,Female,Home and lifestyle,82.04,5,430.71,2020-09-21
B,Member,Male,Sports and travel,26.67,10,280.035,2020-09-22
A,Member,Male,Food and beverages,10.13,7,74.4555,2020-09-23
B,Normal,Male,Food and beverages,72.39,2,152.019,2020-09-24
A,Normal,Male,Sports and travel,85.91,5,451.0275,2020-09-25
B,Member,Male,Fashion accessories,81.31,7,597.6285,2020-09-26
B,Normal,Male,Food and beverages,60.3,4,253.26,2020-09-27
C,Normal,Male,Food and beverages,31.77,4,133.434,2020-09-28
A,Normal,Female,Health and beauty,64.27,4,269.934,2020-09-29
B,Normal,Male,Health and beauty,69.51,2,145.971,2020-09-30
C,Normal,Male,Food and beverages,27.22,3,85.743,2020-10-01
A,Member,Female,Health and beauty,77.68,4,326.256,2020-10-02
C,Member,Female,Fashion accessories,92.98,2,195.258,2020-10-03
B,Member,Female,Fashion accessories,18.08,4,75.936,2020-10-04
B,Normal,Male,Sports and travel,63.06,3,198.639,2020-10-05
A,Normal,Male,Health and beauty,51.71,4,217.182,2020-10-06
A,Normal,Female,Food and beverages,52.34,3,164.871,2020-10-07
A,Normal,Female,Sports and travel,43.06,5,226.065,2020-10-08
C,Normal,Male,Fashion accessories,59.61,10,625.905,2020-10-09
A,Normal,Male,Health and beauty,14.62,5,76.755,2020-10-10
C,Member,Male,Health and beauty,46.53,6,293.139,2020-10-11
C,Member,Female,Home and lifestyle,24.24,7,178.164,2020-10-12
A,Member,Female,Sports and travel,45.58,1,47.859,2020-10-13
A,Member,Female,Sports and travel,75.2,3,236.88,2020-10-14
B,Member,Male,Sports and travel,96.8,3,304.92,2020-10-15
B,Normal,Male,Health and beauty,14.82,3,46.683,2020-10-16
A,Normal,Male,Food and beverages,52.2,3,164.43,2020-10-17
C,Normal,Female,Sports and travel,46.66,9,440.937,2020-10-18
C,Normal,Female,Fashion accessories,36.85,5,193.4625,2020-10-19
A,Member,Female,Home and lifestyle,70.32,2,147.672,2020-10-20
C,Normal,Male,Electronic accessories,83.08,1,87.234,2020-10-21
C,Normal,Female,Fashion accessories,64.99,1,68.2395,2020-10-22
C,Normal,Male,Food and beverages,77.56,10,814.38,2020-10-23
B,Normal,Female,Sports and travel,54.51,6,343.413,2020-10-24
C,Member,Female,Fashion accessories,51.89,7,381.3915,2020-10-25
B,Normal,Male,Home and lifestyle,31.75,4,133.35,2020-10-26
A,Member,Female,Fashion accessories,53.65,7,394.3275,2020-10-27
C,Member,Female,Food and beverages,49.79,4,209.118,2020-10-28
A,Normal,Male,Fashion accessories,30.61,1,32.1405,2020-10-29
B,Member,Male,Food and beverages,57.89,2,121.569,2020-10-30
A,Normal,Female,Electronic accessories,28.96,1,30.408,2020-10-31
C,Member,Female,Food and beverages,98.97,9,935.2665,2020-11-01
B,Member,Male,Fashion accessories,93.22,3,293.643,2020-11-02
C,Member,Male,Sports and travel,80.93,1,84.9765,2020-11-03
A,Member,Male,Food and beverages,67.45,10,708.225,2020-11-04
A,Member,Female,Sports and travel,38.72,9,365.904,2020-11-05
B,Member,Male,Sports and travel,72.6,6,457.38,2020-11-06
C,Member,Male,Electronic accessories,87.91,5,461.5275,2020-11-07
A,Member,Male,Food and beverages,98.53,6,620.739,2020-11-08
C,Member,Female,Fashion accessories,43.46,6,273.798,2020-11-09
A,Normal,Female,Food and beverages,71.68,3,225.792,2020-11-10
A,Member,Female,Food and beverages,91.61,1,96.1905,2020-11-11
B,Member,Female,Home and lifestyle,94.59,7,695.2365,2020-11-12
B,Normal,Female,Fashion accessories,83.25,10,874.125,2020-11-13
B,Member,Male,Fashion accessories,91.35,1,95.9175,2020-11-14
B,Member,Female,Food and beverages,78.88,2,165.648,2020-11-15
A,Normal,Male,Sports and travel,60.87,2,127.827,2020-11-16
B,Member,Male,Health and beauty,82.58,10,867.09,2020-11-17
A,Member,Male,Home and lifestyle,53.3,3,167.895,2020-11-18
A,Normal,Female,Fashion accessories,12.09,1,12.6945,2020-11-19
A,Normal,Male,Sports and travel,64.19,10,673.995,2020-11-20
A,Normal,Male,Electronic accessories,78.31,3,246.6765,2020-11-21
A,Member,Male,Food and beverages,83.77,2,175.917,2020-11-22
B,Normal,Male,Home and lifestyle,99.7,3,314.055,2020-11-23
B,Member,Male,Food and beverages,79.91,3,251.7165,2020-11-24
B,Member,Male,Health and beauty,66.47,10,697.935,2020-11-25
A,Normal,Male,Health and beauty,28.95,7,212.7825,2020-11-26
C,Normal,Female,Electronic accessories,46.2,1,48.51,2020-11-27
B,Member,Female,Food and beverages,17.63,5,92.5575,2020-11-28
B,Normal,Male,Fashion accessories,52.42,3,165.123,2020-11-29
B,Member,Female,Food and beverages,98.79,3,311.1885,2020-11-30
C,Member,Female,Electronic accessories,88.55,8,743.82,2020-12-01
B,Member,Male,Electronic accessories,55.67,2,116.907,2020-12-02
C,Member,Female,Food and beverages,72.52,8,609.168,2020-12-03
C,Member,Male,Electronic accessories,12.05,5,63.2625,2020-12-04
A,Member,Male,Home and lifestyle,19.36,9,182.952,2020-12-05
C,Normal,Male,Health and beauty,70.21,6,442.323,2020-12-06
B,Member,Male,Fashion accessories,33.63,1,35.3115,2020-12-07
C,Member,Female,Sports and travel,15.49,2,32.529,2020-12-08
C,Normal,Male,Electronic accessories,24.74,10,259.77,2020-12-09
B,Normal,Male,Electronic accessories,75.66,5,397.215,2020-12-10
B,Normal,Female,Health and beauty,55.81,6,351.603,2020-12-11
A,Member,Male,Home and lifestyle,72.78,10,764.19,2020-12-12
B,Member,Male,Sports and travel,37.32,9,352.674,2020-12-13
B,Member,Male,Fashion accessories,60.18,4,252.756,2020-12-14
A,Normal,Female,Electronic accessories,15.69,3,49.4235,2020-12-15
C,Normal,Female,Electronic accessories,99.69,1,104.6745,2020-12-16
A,Member,Female,Fashion accessories,88.15,3,277.6725,2020-12-17
A,Member,Female,Sports and travel,27.93,5,146.6325,2020-12-18
A,Member,Male,Fashion accessories,55.45,1,58.2225,2020-12-19
B,Normal,Female,Sports and travel,42.97,3,135.3555,2020-12-20
C,Member,Male,Sports and travel,17.14,7,125.979,2020-12-21
B,Member,Female,Fashion accessories,58.75,6,370.125,2020-12-22
C,Member,Female,Food and beverages,87.1,10,914.55,2020-12-23
C,Normal,Female,Sports and travel,98.8,2,207.48,2020-12-24
A,Normal,Female,Fashion accessories,48.63,4,204.246,2020-12-25
B,Member,Male,Food and beverages,57.74,3,181.881,2020-12-26
B,Normal,Female,Health and beauty,17.97,4,75.474,2020-12-27
C,Member,Female,Health and beauty,47.71,6,300.573,2020-12-28
B,Normal,Female,Sports and travel,40.62,2,85.302,2020-12-29
A,Member,Male,Fashion accessories,56.04,10,588.42,2020-12-30
B,Member,Male,Food and beverages,93.4,2,196.14,2020-12-31
B,Normal,Female,Health and beauty,73.41,3,231.2415,2021-01-01
C,Normal,Male,Health and beauty,33.64,8,282.576,2021-01-02
A,Normal,Female,Electronic accessories,45.48,10,477.54,2021-01-03
B,Member,Male,Fashion accessories,83.77,2,175.917,2021-01-04
B,Member,Female,Sports and travel,64.08,7,470.988,2021-01-05
A,Member,Female,Food and beverages,73.47,4,308.574,2021-01-06
C,Normal,Male,Health and beauty,58.95,10,618.975,2021-01-07
A,Member,Male,Food and beverages,48.5,6,305.55,2021-01-08
B,Member,Female,Electronic accessories,39.48,1,41.454,2021-01-09
B,Normal,Female,Sports and travel,34.81,1,36.5505,2021-01-10
C,Normal,Female,Fashion accessories,49.32,6,310.716,2021-01-11
A,Member,Male,Fashion accessories,21.48,2,45.108,2021-01-12
B,Member,Female,Sports and travel,23.08,6,145.404,2021-01-13
B,Member,Female,Home and lifestyle,49.1,2,103.11,2021-01-14
B,Member,Female,Sports and travel,64.83,2,136.143,2021-01-15
A,Member,Male,Home and lifestyle,63.56,10,667.38,2021-01-16
C,Member,Male,Sports and travel,72.88,2,153.048,2021-01-17
A,Normal,Female,Food and beverages,67.1,3,211.365,2021-01-18
C,Member,Female,Sports and travel,70.19,9,663.2955,2021-01-19
C,Member,Male,Food and beverages,55.04,7,404.544,2021-01-20
A,Member,Male,Health and beauty,48.63,10,510.615,2021-01-21
C,Member,Female,Fashion accessories,73.38,7,539.343,2021-01-22
C,Normal,Female,Food and beverages,52.6,9,497.07,2021-01-23
A,Member,Female,Home and lifestyle,87.37,5,458.6925,2021-01-24
A,Member,Female,Sports and travel,27.04,4,113.568,2021-01-25
B,Normal,Male,Home and lifestyle,62.19,4,261.198,2021-01-26
A,Member,Male,Electronic accessories,69.58,9,657.531,2021-01-27
C,Normal,Male,Home and lifestyle,97.5,10,1023.75,2021-01-28
C,Normal,Female,Fashion accessories,60.41,8,507.444,2021-01-29
B,Normal,Male,Food and beverages,32.32,3,101.808,2021-01-30
B,Member,Female,Fashion accessories,19.77,10,207.585,2021-01-31
B,Member,Male,Health and beauty,80.47,9,760.4415,2021-02-01
B,Member,Female,Home and lifestyle,88.39,9,835.2855,2021-02-02
B,Normal,Male,Health and beauty,71.77,7,527.5095,2021-02-03
B,Normal,Female,Electronic accessories,43,4,180.6,2021-02-04
C,Member,Male,Food and beverages,68.98,1,72.429,2021-02-05
C,Normal,Male,Fashion accessories,15.62,8,131.208,2021-02-06
A,Normal,Male,Sports and travel,25.7,3,80.955,2021-02-07
A,Member,Male,Food and beverages,80.62,6,507.906,2021-02-08
C,Member,Female,Home and lifestyle,75.53,4,317.226,2021-02-09
C,Normal,Female,Electronic accessories,77.63,9,733.6035,2021-02-10
C,Normal,Female,Health and beauty,13.85,9,130.8825,2021-02-11
C,Member,Male,Fashion accessories,98.7,8,829.08,2021-02-12
A,Normal,Female,Health and beauty,35.68,5,187.32,2021-02-13
A,Member,Female,Fashion accessories,71.46,7,525.231,2021-02-14
A,Member,Male,Electronic accessories,11.94,3,37.611,2021-02-15
A,Normal,Male,Fashion accessories,45.38,3,142.947,2021-02-16
B,Member,Female,Fashion accessories,17.48,6,110.124,2021-02-17
B,Normal,Female,Fashion accessories,25.56,7,187.866,2021-02-18
C,Member,Female,Sports and travel,90.63,9,856.4535,2021-02-19
B,Normal,Male,Home and lifestyle,44.12,3,138.978,2021-02-20
C,Member,Female,Food and beverages,36.77,7,270.2595,2021-02-21
B,Member,Male,Food and beverages,23.34,4,98.028,2021-02-22
C,Member,Female,Health and beauty,28.5,8,239.4,2021-02-23
C,Member,Male,Home and lifestyle,55.57,3,175.0455,2021-02-24
B,Normal,Male,Sports and travel,69.74,10,732.27,2021-02-25
C,Normal,Male,Fashion accessories,97.26,4,408.492,2021-02-26
B,Member,Female,Home and lifestyle,52.18,7,383.523,2021-02-27
A,Member,Female,Fashion accessories,22.32,4,93.744,2021-02-28
A,Normal,Male,Health and beauty,56,3,176.4,2021-03-01
A,Member,Male,Fashion accessories,19.7,1,20.685,2021-03-02
B,Normal,Male,Electronic accessories,75.88,7,557.718,2021-03-03
B,Member,Male,Food and beverages,53.72,1,56.406,2021-03-04
C,Member,Male,Health and beauty,81.95,10,860.475,2021-03-05
C,Member,Female,Home and lifestyle,81.2,7,596.82,2021-03-06
C,Normal,Male,Electronic accessories,58.76,10,616.98,2021-03-07
B,Member,Male,Electronic accessories,91.56,8,769.104,2021-03-08
A,Normal,Male,Home and lifestyle,93.96,9,887.922,2021-03-09
C,Normal,Male,Home and lifestyle,55.61,7,408.7335,2021-03-10
C,Normal,Male,Food and beverages,84.83,1,89.0715,2021-03-11
A,Member,Female,Sports and travel,71.63,2,150.423,2021-03-12
A,Member,Male,Home and lifestyle,37.69,2,79.149,2021-03-13
C,Member,Female,Sports and travel,31.67,8,266.028,2021-03-14
C,Member,Female,Food and beverages,38.42,1,40.341,2021-03-15
B,Member,Male,Fashion accessories,65.23,10,684.915,2021-03-16
C,Member,Female,Home and lifestyle,10.53,5,55.2825,2021-03-17
B,Member,Female,Home and lifestyle,12.29,9,116.1405,2021-03-18
C,Member,Male,Health and beauty,81.23,7,597.0405,2021-03-19
B,Member,Female,Fashion accessories,22.32,4,93.744,2021-03-20
A,Normal,Female,Food and beverages,27.28,5,143.22,2021-03-21
A,Member,Female,Electronic accessories,17.42,10,182.91,2021-03-22
B,Normal,Male,Home and lifestyle,73.28,5,384.72,2021-03-23
C,Member,Female,Fashion accessories,84.87,3,267.3405,2021-03-24
A,Normal,Female,Fashion accessories,97.29,8,817.236,2021-03-25
B,Member,Female,Electronic accessories,35.74,8,300.216,2021-03-26
A,Normal,Female,Home and lifestyle,96.52,6,608.076,2021-03-27
A,Member,Male,Food and beverages,18.85,10,197.925,2021-03-28
A,Normal,Female,Food and beverages,55.39,4,232.638,2021-03-29
B,Member,Female,Food and beverages,77.2,10,810.6,2021-03-30
B,Normal,Male,Electronic accessories,72.13,10,757.365,2021-03-31
A,Member,Female,Fashion accessories,63.88,8,536.592,2021-04-01
A,Member,Female,Health and beauty,10.69,5,56.1225,2021-04-02
A,Member,Male,Health and beauty,55.5,4,233.1,2021-04-03
B,Normal,Female,Home and lifestyle,95.46,8,801.864,2021-04-04
C,Normal,Female,Fashion accessories,76.06,3,239.589,2021-04-05
B,Normal,Male,Sports and travel,13.69,6,86.247,2021-04-06
B,Normal,Female,Electronic accessories,95.64,4,401.688,2021-04-07
A,Normal,Female,Home and lifestyle,11.43,6,72.009,2021-04-08
B,Member,Female,Sports and travel,95.54,4,401.268,2021-04-09
C,Member,Female,Health and beauty,85.87,7,631.1445,2021-04-10
C,Member,Female,Sports and travel,67.99,7,499.7265,2021-04-11
C,Normal,Female,Food and beverages,52.42,1,55.041,2021-04-12
C,Member,Male,Food and beverages,65.65,2,137.865,2021-04-13
B,Normal,Female,Food and beverages,28.86,5,151.515,2021-04-14
C,Member,Male,Health and beauty,65.31,7,480.0285,2021-04-15
B,Normal,Male,Sports and travel,93.38,1,98.049,2021-04-16
C,Member,Male,Sports and travel,25.25,5,132.5625,2021-04-17
B,Member,Male,Electronic accessories,87.87,9,830.3715,2021-04-18
C,Normal,Male,Health and beauty,21.8,8,183.12,2021-04-19
A,Normal,Female,Sports and travel,94.76,4,397.992,2021-04-20
A,Member,Female,Fashion accessories,30.62,1,32.151,2021-04-21
C,Normal,Female,Home and lifestyle,44.01,8,369.684,2021-04-22
C,Member,Female,Health and beauty,10.16,5,53.34,2021-04-23
A,Normal,Male,Electronic accessories,74.58,7,548.163,2021-04-24
C,Normal,Male,Electronic accessories,71.89,8,603.876,2021-04-25
C,Normal,Female,Health and beauty,10.99,5,57.6975,2021-04-26
C,Member,Male,Health and beauty,60.47,3,190.4805,2021-04-27
A,Normal,Male,Sports and travel,58.91,7,432.9885,2021-04-28
A,Normal,Male,Fashion accessories,46.41,1,48.7305,2021-04-29
C,Member,Male,Health and beauty,68.55,4,287.91,2021-04-30
B,Normal,Female,Home and lifestyle,97.37,10,1022.385,2021-05-01
A,Member,Male,Electronic accessories,92.6,7,680.61,2021-05-02
A,Normal,Female,Electronic accessories,46.61,2,97.881,2021-05-03
B,Normal,Male,Fashion accessories,27.18,2,57.078,2021-05-04
C,Member,Female,Home and lifestyle,60.87,1,63.9135,2021-05-05
A,Member,Female,Sports and travel,24.49,10,257.145,2021-05-06
B,Normal,Male,Health and beauty,92.78,1,97.419,2021-05-07
C,Member,Male,Home and lifestyle,86.69,5,455.1225,2021-05-08
B,Normal,Male,Sports and travel,23.01,6,144.963,2021-05-09
C,Member,Female,Electronic accessories,30.2,8,253.68,2021-05-10
C,Member,Male,Fashion accessories,67.39,7,495.3165,2021-05-11
A,Member,Female,Fashion accessories,48.96,9,462.672,2021-05-12
B,Member,Female,Electronic accessories,75.59,9,714.3255,2021-05-13
A,Normal,Female,Home and lifestyle,77.47,4,325.374,2021-05-14
A,Normal,Female,Sports and travel,93.18,2,195.678,2021-05-15
A,Normal,Female,Electronic accessories,50.23,4,210.966,2021-05-16
B,Normal,Female,Health and beauty,17.75,1,18.6375,2021-05-17
C,Normal,Female,Fashion accessories,62.18,10,652.89,2021-05-18
B,Normal,Male,Health and beauty,10.75,8,90.3,2021-05-19
A,Normal,Female,Electronic accessories,40.26,10,422.73,2021-05-20
C,Member,Female,Sports and travel,64.97,5,341.0925,2021-05-21
A,Normal,Male,Electronic accessories,95.15,1,99.9075,2021-05-22
A,Member,Female,Electronic accessories,48.62,8,408.408,2021-05-23
B,Normal,Female,Food and beverages,53.21,8,446.964,2021-05-24
C,Normal,Female,Fashion accessories,45.44,7,333.984,2021-05-25
A,Normal,Male,Food and beverages,33.88,8,284.592,2021-05-26
B,Member,Male,Health and beauty,96.16,4,403.872,2021-05-27
B,Member,Male,Food and beverages,47.16,5,247.59,2021-05-28
B,Normal,Male,Electronic accessories,52.89,4,222.138,2021-05-29
A,Member,Female,Home and lifestyle,47.68,2,100.128,2021-05-30
C,Member,Male,Sports and travel,10.17,1,10.6785,2021-05-31
A,Normal,Female,Health and beauty,68.71,3,216.4365,2021-06-01
B,Member,Female,Sports and travel,60.08,7,441.588,2021-06-02
A,Member,Female,Sports and travel,22.01,4,92.442,2021-06-03
B,Member,Female,Health and beauty,72.11,9,681.4395,2021-06-04
A,Member,Male,Fashion accessories,41.28,3,130.032,2021-06-05
C,Normal,Male,Electronic accessories,64.95,10,681.975,2021-06-06
A,Member,Female,Electronic accessories,74.22,10,779.31,2021-06-07
A,Normal,Male,Electronic accessories,10.56,8,88.704,2021-06-08
B,Normal,Male,Health and beauty,62.57,4,262.794,2021-06-09
B,Member,Female,Sports and travel,11.85,8,99.54,2021-06-10
A,Member,Male,Health and beauty,91.3,1,95.865,2021-06-11
B,Member,Female,Home and lifestyle,40.73,7,299.3655,2021-06-12
A,Normal,Male,Fashion accessories,52.38,1,54.999,2021-06-13
A,Member,Male,Fashion accessories,38.54,5,202.335,2021-06-14
B,Normal,Male,Sports and travel,44.63,6,281.169,2021-06-15
C,Normal,Male,Electronic accessories,55.87,10,586.635,2021-06-16
C,Member,Female,Sports and travel,29.22,6,184.086,2021-06-17
A,Normal,Male,Fashion accessories,51.94,3,163.611,2021-06-18
B,Normal,Male,Electronic accessories,60.3,1,63.315,2021-06-19
A,Member,Female,Sports and travel,39.47,2,82.887,2021-06-20
C,Member,Female,Food and beverages,14.87,2,31.227,2021-06-21
A,Normal,Male,Fashion accessories,21.32,1,22.386,2021-06-22
A,Member,Male,Electronic accessories,93.78,3,295.407,2021-06-23
A,Member,Male,Electronic accessories,73.26,1,76.923,2021-06-24
C,Normal,Female,Sports and travel,22.38,1,23.499,2021-06-25
C,Member,Female,Food and beverages,72.88,9,688.716,2021-06-26
A,Normal,Female,Fashion accessories,99.1,6,624.33,2021-06-27
A,Normal,Male,Fashion accessories,74.1,1,77.805,2021-06-28
A,Normal,Female,Fashion accessories,98.48,2,206.808,2021-06-29
C,Normal,Male,Health and beauty,53.19,7,390.9465,2021-06-30
B,Normal,Female,Electronic accessories,52.79,10,554.295,2021-07-01
A,Member,Female,Health and beauty,95.95,5,503.7375,2021-07-02
B,Normal,Female,Fashion accessories,36.51,9,345.0195,2021-07-03
B,Normal,Male,Food and beverages,21.12,8,177.408,2021-07-04
A,Member,Female,Home and lifestyle,28.31,4,118.902,2021-07-05
B,Normal,Male,Health and beauty,57.59,6,362.817,2021-07-06
A,Member,Female,Food and beverages,47.63,9,450.1035,2021-07-07
C,Member,Female,Home and lifestyle,86.27,1,90.5835,2021-07-08
A,Member,Male,Sports and travel,12.76,2,26.796,2021-07-09
B,Normal,Female,Home and lifestyle,11.28,9,106.596,2021-07-10
B,Normal,Female,Home and lifestyle,51.07,7,375.3645,2021-07-11
A,Member,Female,Electronic accessories,79.59,3,250.7085,2021-07-12
C,Member,Male,Health and beauty,33.81,3,106.5015,2021-07-13
B,Member,Male,Sports and travel,90.53,8,760.452,2021-07-14
C,Member,Female,Health and beauty,62.82,2,131.922,2021-07-15
C,Member,Male,Food and beverages,24.31,3,76.5765,2021-07-16
A,Normal,Male,Sports and travel,64.59,4,271.278,2021-07-17
A,Member,Male,Food and beverages,24.82,7,182.427,2021-07-18
C,Normal,Male,Fashion accessories,56.5,1,59.325,2021-07-19
B,Member,Female,Electronic accessories,21.43,10,225.015,2021-07-20
A,Member,Male,Sports and travel,89.06,6,561.078,2021-07-21
A,Member,Male,Home and lifestyle,23.29,4,97.818,2021-07-22
C,Normal,Male,Home and lifestyle,65.26,8,548.184,2021-07-23
C,Member,Male,Fashion accessories,52.35,1,54.9675,2021-07-24
B,Member,Male,Electronic accessories,39.75,1,41.7375,2021-07-25
A,Normal,Female,Electronic accessories,90.02,8,756.168,2021-07-26
B,Member,Female,Electronic accessories,12.1,8,101.64,2021-07-27
B,Member,Female,Food and beverages,33.21,10,348.705,2021-07-28
C,Member,Female,Fashion accessories,10.18,8,85.512,2021-07-29
B,Member,Male,Sports and travel,31.99,10,335.895,2021-07-30
A,Member,Female,Home and lifestyle,34.42,6,216.846,2021-07-31
A,Member,Female,Food and beverages,83.34,2,175.014,2021-08-01
A,Normal,Male,Sports and travel,45.58,7,335.013,2021-08-02
A,Member,Male,Food and beverages,87.9,1,92.295,2021-08-03
A,Member,Female,Electronic accessories,73.47,10,771.435,2021-08-04
C,Normal,Female,Fashion accessories,12.19,8,102.396,2021-08-05
A,Member,Male,Sports and travel,76.92,10,807.66,2021-08-06
C,Normal,Female,Health and beauty,83.66,5,439.215,2021-08-07
B,Normal,Female,Electronic accessories,57.91,8,486.444,2021-08-08
C,Member,Female,Fashion accessories,92.49,5,485.5725,2021-08-09
B,Normal,Male,Electronic accessories,28.38,5,148.995,2021-08-10
B,Member,Male,Electronic accessories,50.45,6,317.835,2021-08-11
B,Normal,Male,Health and beauty,99.16,8,832.944,2021-08-12
C,Normal,Male,Fashion accessories,60.74,7,446.439,2021-08-13
C,Member,Female,Food and beverages,47.27,6,297.801,2021-08-14
C,Member,Male,Health and beauty,85.6,7,629.16,2021-08-15
A,Member,Male,Food and beverages,35.04,9,331.128,2021-08-16
C,Member,Female,Electronic accessories,44.84,9,423.738,2021-08-17
B,Normal,Male,Home and lifestyle,45.97,4,193.074,2021-08-18
A,Member,Female,Health and beauty,27.73,5,145.5825,2021-08-19
A,Normal,Male,Food and beverages,11.53,7,84.7455,2021-08-20
C,Normal,Female,Health and beauty,58.32,2,122.472,2021-08-21
C,Member,Female,Home and lifestyle,78.38,4,329.196,2021-08-22
C,Normal,Male,Health and beauty,84.61,10,888.405,2021-08-23
B,Normal,Female,Health and beauty,82.88,5,435.12,2021-08-24
A,Member,Female,Food and beverages,79.54,2,167.034,2021-08-25
B,Normal,Female,Home and lifestyle,49.01,10,514.605,2021-08-26
B,Member,Female,Food and beverages,29.15,3,91.8225,2021-08-27
C,Normal,Female,Electronic accessories,56.13,4,235.746,2021-08-28
A,Normal,Female,Home and lifestyle,93.12,8,782.208,2021-08-29
A,Member,Male,Fashion accessories,51.34,8,431.256,2021-08-30
A,Member,Female,Food and beverages,99.6,3,313.74,2021-08-31
C,Normal,Female,Electronic accessories,35.49,6,223.587,2021-09-01
C,Member,Male,Sports and travel,42.85,1,44.9925,2021-09-02
A,Normal,Female,Fashion accessories,94.67,4,397.614,2021-09-03
B,Normal,Male,Home and lifestyle,68.97,3,217.2555,2021-09-04
B,Member,Female,Electronic accessories,26.26,3,82.719,2021-09-05
C,Member,Female,Home and lifestyle,35.79,9,338.2155,2021-09-06
B,Normal,Female,Home and lifestyle,16.37,6,103.131,2021-09-07
C,Member,Female,Home and lifestyle,12.73,2,26.733,2021-09-08
C,Normal,Female,Sports and travel,83.14,7,611.079,2021-09-09
C,Member,Female,Sports and travel,35.22,6,221.886,2021-09-10
B,Normal,Female,Electronic accessories,13.78,4,57.876,2021-09-11
B,Member,Male,Sports and travel,88.31,1,92.7255,2021-09-12
A,Member,Female,Health and beauty,39.62,9,374.409,2021-09-13
B,Normal,Female,Electronic accessories,88.25,9,833.9625,2021-09-14
B,Normal,Male,Sports and travel,25.31,2,53.151,2021-09-15
B,Normal,Male,Home and lifestyle,99.92,6,629.496,2021-09-16
C,Member,Female,Fashion accessories,83.35,2,175.035,2021-09-17
A,Normal,Female,Food and beverages,74.44,10,781.62,2021-09-18
C,Normal,Male,Health and beauty,64.08,7,470.988,2021-09-19
B,Normal,Female,Home and lifestyle,63.15,6,397.845,2021-09-20
C,Member,Male,Home and lifestyle,85.72,3,270.018,2021-09-21
C,Normal,Female,Health and beauty,78.89,7,579.8415,2021-09-22
A,Normal,Female,Sports and travel,89.48,5,469.77,2021-09-23
A,Member,Female,Health and beauty,92.09,3,290.0835,2021-09-24
C,Normal,Female,Food and beverages,57.29,6,360.927,2021-09-25
A,Normal,Male,Food and beverages,66.52,4,279.384,2021-09-26
C,Member,Male,Fashion accessories,99.82,9,943.299,2021-09-27
A,Normal,Female,Home and lifestyle,45.68,10,479.64,2021-09-28
A,Normal,Male,Health and beauty,50.79,5,266.6475,2021-09-29
A,Member,Male,Health and beauty,10.08,7,74.088,2021-09-30
A,Normal,Female,Electronic accessories,93.88,7,690.018,2021-10-01
C,Member,Male,Electronic accessories,84.25,2,176.925,2021-10-02
B,Member,Male,Fashion accessories,53.78,1,56.469,2021-10-03
C,Member,Male,Home and lifestyle,35.81,5,188.0025,2021-10-04
B,Normal,Female,Food and beverages,26.43,8,222.012,2021-10-05
B,Member,Male,Health and beauty,39.91,3,125.7165,2021-10-06
B,Member,Female,Home and lifestyle,21.9,3,68.985,2021-10-07
B,Member,Female,Food and beverages,62.85,4,263.97,2021-10-08
C,Member,Female,Food and beverages,21.04,4,88.368,2021-10-09
B,Member,Male,Home and lifestyle,65.91,6,415.233,2021-10-10
A,Normal,Female,Fashion accessories,42.57,7,312.8895,2021-10-11
C,Member,Male,Food and beverages,50.49,9,477.1305,2021-10-12
B,Normal,Male,Electronic accessories,46.02,6,289.926,2021-10-13
C,Normal,Female,Home and lifestyle,15.8,10,165.9,2021-10-14
A,Member,Female,Food and beverages,98.66,9,932.337,2021-10-15
C,Member,Male,Fashion accessories,91.98,1,96.579,2021-10-16
A,Member,Male,Electronic accessories,20.89,2,43.869,2021-10-17
A,Normal,Female,Fashion accessories,15.5,1,16.275,2021-10-18
C,Member,Male,Electronic accessories,96.82,3,304.983,2021-10-19
B,Normal,Male,Food and beverages,33.33,2,69.993,2021-10-20
B,Normal,Female,Electronic accessories,38.27,2,80.367,2021-10-21
A,Normal,Female,Home and lifestyle,33.3,9,314.685,2021-10-22
A,Member,Male,Home and lifestyle,81.01,3,255.1815,2021-10-23
A,Normal,Female,Health and beauty,15.8,3,49.77,2021-10-24
B,Member,Female,Electronic accessories,34.49,5,181.0725,2021-10-25
B,Member,Female,Food and beverages,84.63,10,888.615,2021-10-26
B,Member,Male,Home and lifestyle,36.91,7,271.2885,2021-10-27
B,Normal,Male,Electronic accessories,87.08,7,640.038,2021-10-28
A,Normal,Male,Home and lifestyle,80.08,3,252.252,2021-10-29
C,Normal,Male,Fashion accessories,86.13,2,180.873,2021-10-30
B,Member,Male,Fashion accessories,49.92,2,104.832,2021-10-31
A,Normal,Female,Food and beverages,74.66,4,313.572,2021-11-01
B,Member,Male,Food and beverages,26.6,6,167.58,2021-11-02
B,Normal,Female,Electronic accessories,25.45,1,26.7225,2021-11-03
B,Normal,Female,Food and beverages,67.77,1,71.1585,2021-11-04
C,Member,Male,Food and beverages,59.59,4,250.278,2021-11-05
A,Normal,Male,Health and beauty,58.15,4,244.23,2021-11-06
A,Member,Female,Sports and travel,97.48,9,921.186,2021-11-07
C,Normal,Male,Health and beauty,99.96,7,734.706,2021-11-08
C,Normal,Male,Electronic accessories,96.37,7,708.3195,2021-11-09
B,Normal,Female,Fashion accessories,63.71,5,334.4775,2021-11-10
B,Normal,Female,Health and beauty,14.76,2,30.996,2021-11-11
B,Member,Male,Health and beauty,62,8,520.8,2021-11-12
C,Member,Male,Electronic accessories,82.34,10,864.57,2021-11-13
B,Member,Male,Health and beauty,75.37,8,633.108,2021-11-14
A,Normal,Female,Food and beverages,56.56,5,296.94,2021-11-15
B,Normal,Female,Sports and travel,76.6,10,804.3,2021-11-16
A,Normal,Male,Electronic accessories,58.03,2,121.863,2021-11-17
B,Normal,Male,Fashion accessories,17.49,10,183.645,2021-11-18
C,Member,Female,Electronic accessories,60.95,1,63.9975,2021-11-19
C,Normal,Male,Health and beauty,40.35,1,42.3675,2021-11-20
B,Normal,Female,Home and lifestyle,97.38,10,1022.49,2021-11-21
A,Member,Male,Food and beverages,31.84,1,33.432,2021-11-22
A,Normal,Male,Home and lifestyle,65.82,1,69.111,2021-11-23
A,Member,Female,Fashion accessories,88.34,7,649.299,2021-11-24
